{
  "recursion": 1.0,
  "op_plus": 1.0,
  "op_minus": 1.0,
  "op_mult": 1.0,
  "depth_penalty": 1.0,
  "learning_rate": 0.1,
  "size": 0.01,
  "abs_val": 0.01,
  "concept_48": 0.01,
  "concept_44": 0.01,
  "n": 0.01,
  "mul": 0.01,
  "concept_43": 0.01,
  "concept_27": 0.01,
  "matrix_sum": 0.01,
  "mod": 0.01,
  "concept_37": 0.01,
  "concept_190": 0.13999999999999924,
  "concept_29": 0.01,
  "concept_115": 0.01,
  "concept_25": 0.01,
  "concept_133": 0.01,
  "div": 0.01,
  "concept_60": 0.01,
  "concept_33": 0.01,
  "concept_41": 0.01,
  "concept_59": 0.01,
  "concept_58": 0.01,
  "concept_124": 0.01,
  "concept_134": 0.01,
  "concept_36": 0.01,
  "concept_108": 0.01,
  "concept_23": 0.01,
  "concept_32": 0.01,
  "concept_55": 0.01,
  "concept_12": 0.01,
  "concept_113": 0.01,
  "sub": 0.01,
  "index_of": 0.01,
  "concept_131": 0.01,
  "concept_125": 0.01,
  "concept_51": 0.01,
  "concept_52": 0.01,
  "add": 0.01,
  "neg": 0.01,
  "concept_136": 0.01,
  "concept_122": 0.01,
  "concept_123": 0.01,
  "concept_54": 0.01,
  "concept_57": 0.01,
  "concept_116": 0.01,
  "concept_34": 0.01,
  "concept_19": 0.01,
  "concept_129": 0.01,
  "concept_112": 0.01,
  "concept_130": 0.01,
  "concept_126": 0.01,
  "concept_21": 0.01,
  "concept_132": 0.01,
  "concept_49": 0.01,
  "concept_185": 0.11999999999999923,
  "concept_22": 0.01,
  "concept_31": 0.01,
  "concept_16": 0.01,
  "concept_15": 0.01,
  "concept_35": 0.01,
  "concept_135": 0.01,
  "concept_110": 0.01,
  "concept_137": 0.01,
  "concept_30": 0.01,
  "concept_50": 0.01,
  "concept_45": 0.01,
  "concept_40": 0.01,
  "concept_111": 0.01,
  "concept_38": 0.01,
  "concept_13": 0.01,
  "concept_127": 0.01,
  "concept_114": 0.01,
  "concept_144": 0.15999999999999925,
  "concept_187": 0.28999999999999937,
  "concept_109": 0.01,
  "concept_61": 0.01,
  "concept_17": 0.01,
  "concept_178": 0.05999999999999922,
  "concept_56": 0.01,
  "concept_140": 0.01,
  "concept_24": 0.01,
  "concept_26": 0.01,
  "concept_20": 0.01,
  "concept_63": 0.01,
  "concept_28": 0.01,
  "concept_161": 0.01,
  "concept_53": 0.01,
  "concept_121": 0.01,
  "concept_39": 0.01,
  "concept_47": 0.01,
  "concept_46": 0.01,
  "concept_62": 0.01,
  "concept_141": 0.01,
  "concept_128": 0.01,
  "concept_159": 0.03499999999999921,
  "concept_42": 0.01,
  "concept_139": 0.01,
  "concept_138": 0.11999999999999923,
  "concept_14": 0.01,
  "concept_18": 0.01,
  "concept_142": 0.09999999999999923,
  "concept_182": 0.01,
  "concept_157": 0.15999999999999925,
  "concept_167": 0.01,
  "concept_160": 0.01,
  "concept_165": 0.23499999999999932,
  "fold_fn": 0.7999999999999998,
  "concept_188": 0.08499999999999923,
  "elem_in": 0.5599999999999996,
  "concat": 0.7799999999999998,
  "concept_169": 0.05999999999999922,
  "concept_193": 0.15999999999999925,
  "concept_166": 0.23499999999999932,
  "concept_152": 0.01,
  "concept_168": 0.06999999999999922,
  "concept_175": 0.17999999999999927,
  "concept_183": 0.03499999999999921,
  "concept_172": 0.3299999999999994,
  "concept_146": 0.15999999999999928,
  "concept_177": 0.05999999999999922,
  "concept_170": 0.24999999999999933,
  "lte": 0.9099999999999999,
  "concept_171": 0.01,
  "concept_180": 0.11999999999999923,
  "concept_143": 0.01,
  "concept_156": 0.2999999999999994,
  "concept_145": 0.01,
  "not_op": 0.7249999999999998,
  "concept_176": 0.024999999999999217,
  "map_negate": 0.6599999999999997,
  "gt": 0.6149999999999997,
  "concept_154": 0.07499999999999928,
  "slice_list": 0.8799999999999999,
  "concept_153": 0.07499999999999922,
  "concept_162": 0.05999999999999922,
  "concept_179": 0.25999999999999934,
  "and_op": 0.5799999999999996,
  "row_sums": 0.5799999999999996,
  "concept_186": 0.2199999999999993,
  "concept_184": 0.24999999999999933,
  "filter_negative": 0.7599999999999998,
  "concept_189": 0.01,
  "concept_158": 0.48999999999999955,
  "take": 0.7799999999999998,
  "filter_even": 0.6599999999999997,
  "concept_164": 0.16999999999999926,
  "concept_191": 0.07499999999999922,
  "concept_174": 0.2049999999999993,
  "sort_desc": 0.6599999999999997,
  "merge_sorted": 0.01,
  "max_val": 0.7699999999999998,
  "concept_155": 0.19499999999999929,
  "concept_173": 0.01,
  "singleton": 0.5799999999999996,
  "concept_192": 0.25499999999999934,
  "get": 0.6799999999999997,
  "concept_163": 0.014999999999999208,
  "eq": 0.7549999999999998,
  "sort_asc": 0.25999999999999934,
  "concept_181": 0.01,
  "if_gt": 0.5199999999999996,
  "if_then_else": 0.6949999999999997,
  "recurse_fn": 0.38999999999999946,
  "flatten": 0.8799999999999999,
  "range_list": 0.5199999999999996,
  "neq": 0.94,
  "col_sums": 0.21999999999999936,
  "filter_positive": 0.7599999999999998,
  "gte": 0.6599999999999996,
  "lt": 0.5299999999999996,
  "or_op": 0.4549999999999995,
  "map_double": 0.6399999999999997,
  "min_val": 0.9049999999999999,
  "matrix_shape": 0.7399999999999998,
  "map_square": 0.3199999999999994,
  "drop": 0.8399999999999999,
  "insert_sorted": 0.8999999999999999,
  "if_lt": 0.9199999999999999,
  "filter_odd": 0.7199999999999998
}